<?xml version="1.0" encoding="UTF-8"?>
<beans
	xmlns="http://www.springframework.org/schema/beans"
	xmlns:xsi="http://www.w3.org/2001/XMLSchema-instance"
	xmlns:p="http://www.springframework.org/schema/p"
	xsi:schemaLocation="http://www.springframework.org/schema/beans http://www.springframework.org/schema/beans/spring-beans-3.0.xsd">


	<bean id="dataSource" class="org.apache.commons.dbcp.BasicDataSource">
		<property name="driverClassName"  value="com.mysql.jdbc.Driver"></property>
		<property name="url" value="jdbc:mysql://127.0.0.1:3306/test"></property>
		<property name="username" value="root"></property>
		<property name="password" value="charan"></property>
	</bean>
	
	<bean id="mysessionFactory"	class="org.springframework.orm.hibernate3.LocalSessionFactoryBean">
		<property name="dataSource"><ref bean="dataSource" /></property>
		
		<property name="mappingResources">
		<list>
		<value>employee.hbm.xml</value>
		</list>
		</property>
		
		<property name="hibernateProperties">
			<props>
				<prop key="hibernate.dialect">org.hibernate.dialect.MySQLDialect</prop>
				<prop key="hibernate.hbm2ddl.auto">create</prop>
				<prop key="hibernate.show_sql">false</prop>
				
			</props>
		</property>
	</bean>
	
	<bean id="d" class="com.edureka.EmployeeDAO">
	<property name="sessionFactory" ref="mysessionFactory"></property>
	</bean>
	
	</beans>